{"climatology_baseline":{"brier_score":0.24538638544191105,"log_loss":0.6838969100239367,"probability":0.4491150442477876},"comparison":{"brier_improvement":0.0006939147835365034,"log_loss_improvement":0.0014084701723000581},"feature_names":["league_yrfi_rate_200","home_team_yrfi_rate_20","away_team_yrfi_rate_20","home_team_scored_rate_20","away_team_scored_rate_20","home_team_allowed_rate_20","away_team_allowed_rate_20"],"locked_holdout_used":false,"model":{"bins":[{"calibration_gap":-0.014685703115534687,"count":219,"lower":0.4,"mean_probability":0.4439094474077721,"observed_yrfi_rate":0.4292237442922374,"upper":0.5}],"brier_score":0.24469247065837454,"expected_calibration_error":0.014685703115534687,"log_loss":0.6824884398516367},"model_version":"real-team-baseline-v1-7826c8c17919","split_date":"2024-05-16","test_count":219,"test_yrfi_rate":0.4292237442922374,"train_count":452,"train_yrfi_rate":0.4491150442477876}
