season,n_games,yrfi_base_rate,log_loss_model,log_loss_baseline,brier_model,brier_baseline,brier_skill_score,roc_auc,mean_predicted_yrfi
2021,2426,0.5037098103874691,0.6963021955218629,0.6934107330657245,0.25153105003892123,0.2501317199532917,-0.005594372780432844,0.5022035114810969,0.5139723164959715
2022,2429,0.48167970358172085,0.6954845877113423,0.6932196800186958,0.25082197413308377,0.2500362124405287,-0.003142591566579478,0.5068484688024005,0.5066095991886663
2023,2429,0.5018526142445451,0.694668830894023,0.6937374041803119,0.2507387678247338,0.25029499624211965,-0.0017729942239232965,0.5273527278151038,0.46570458983289703
2024,2425,0.4672164948453608,0.6946423980353833,0.6918696992198428,0.25035762493604996,0.24936130009555402,-0.003995507081949512,0.5104711183493233,0.501447668055718
2025,2425,0.5014432989690721,0.6997235342800099,0.6937924278725681,0.25281942041564714,0.2503221194553565,-0.009976349536046758,0.5091807333159202,0.4683059402956517
2026,1438,0.5125173852573018,0.696018327899909,0.6929473202675442,0.2508956780659015,0.24990007821094987,-0.003983991770147632,0.505735168019325,0.4919656721843655
ALL,13572,0.49344238137341584,0.6961482111342006,0.6931787577866684,0.2512155680553046,0.25001566927314633,-0.004799294322818337,0.5045452645010656,0.4912869983647063
